{"cameraMode":{"drawMode":0,"name":"Shaded","section":"Shading Mode"},"sceneLighting":true,"audioPlay":false,"sceneViewState":{"showFog":true,"showMaterialUpdate":false,"showSkybox":true,"showFlares":true,"showImageEffects":true,"showParticleSystems":true},"in2DMode":false,"pivot":{"x":-1.3968751430511475,"y":10.107605934143067,"z":29.046049118041993},"rotation":{"x":-0.13191618025302888,"y":0.014355343766510487,"z":-0.0018919938011094928,"w":-0.9911550879478455},"size":137.50509643554688,"orthographic":false}