{"cameraMode":{"drawMode":0,"name":"Shaded","section":"Shading Mode"},"sceneLighting":false,"audioPlay":false,"sceneViewState":{"showFog":true,"showMaterialUpdate":false,"showSkybox":true,"showFlares":true,"showImageEffects":true,"showParticleSystems":true},"in2DMode":false,"pivot":{"x":80.72842407226563,"y":2.954401969909668,"z":-0.03374290466308594},"rotation":{"x":-0.07658875733613968,"y":0.7877450585365295,"z":-0.10002101957798004,"w":-0.6029824018478394},"size":146.9606475830078,"orthographic":false}